name,label,prediction
fst-generate,0,1
mtbl_dump,0,0
PSVIWriter,0,0
YUV420Down2x2,0,0
h5dump,1,1
open-invaders,0,0
xneur,0,0
gophfilt,0,1
afs_compile_et,0,0
gpsbabel,0,0
txt2ihex,0,1
osbf-util,0,1
dia-gnome,0,0
macro1,1,1
issndfile,0,0
sanlock,0,0
lbreakout2server,0,1
restorevol,1,0
th-cmd,0,1
wcat,0,0
hocr,1,1
xbsndsrv,0,1
vanessa_socket_pipe,0,0
upsc,0,0
vtkWrapJava,0,0
ncdump,0,1
dctopgm8,0,0
roarlight,0,0
ksplice-kernel-utsname,0,1
dxml-getelement,0,0
bppdist,0,0
anubis,0,1
ldrdf,0,0
mkbkv2hvf,0,0
dispread,0,0
RNAeffective,0,1
xppaut,0,1
ctnnetwork,0,0
ideviceimagemounter,0,0
obprobe,0,0
pda,0,0
hxmkbib,0,0
playbucket,0,0
gav,0,0
dhcpcd-bin,0,1
soundtoh,0,0
ffbamg,0,1
wmcoincoin_player,0,0
bppalnscore,0,0
ldap_child,0,0
icmake,1,0
rifiuti,0,0
Atropos,0,0
MkUsers,0,1
hxnum,0,0
vtkParseJava,0,0
wvgain,0,1
grib_convert,1,1
setupThePEG,0,0
joy2key,0,0
ripperX_plugin-toolame,0,0
ncap,0,0
raidutil,0,1
getservbyname,0,0
slave1,0,0
nlanr-tr-stat,0,1
sweepgen,0,0
morseLinux,0,0
ch_wave,0,0
hime-tsin2gtab-phrase,0,0
dasdls,1,0
rakverb,1,1
HomogeneousHistogramsAverageAps,0,0
oogl2rib,0,0
portslave,0,0
scm,0,1
maq2sam-short,0,0
nccnav,0,1
cccd,0,0
gemanx,0,0
mips_asm,0,0
babel,0,0
lo10k1.bin,0,1
arpwatch,0,1
fluxbox-update_configs,0,1
mka2bkjvf,0,0
build-icm,0,1
stalonetray,0,1
hime-setup,0,0
intel_reg_dumper,0,1
faum-iso-to-cd,1,1
mobyle-setsid,0,0
pngcp,1,1
discogrok,0,1
maqindex_socks,0,0
acm,0,0
dispcal,0,0
hxwls,0,0
excellent-bifurcation,0,0
grolbp,0,0
ebstopcode,0,0
knocker,0,0
sac,0,0
fst-compact,0,0
iksperf,0,1
read_ximg,0,0
rakgit2new,0,0
jalv,0,0
unpaper,0,0
snooper,0,1
ogmsplit,0,1
mailsync,0,0
mp3val,0,0
grib_filter,0,1
rclock,0,0
assimp,0,0
xbs,0,1
xcolmix,0,0
wordlist2dawg,0,0
stunc,0,1
elvis,0,1
dzen2,0,0
aemakeflic,0,0
garden,0,0
fdtdump,0,1
db5.1_sql,0,1
nonbonded,0,1
catdump,0,1
uml_moo,0,0
atisplit,0,1
xenctx,0,0
check_nagios,0,0
isnsadm,0,0
import_tracks,0,0
phoneutils_test,0,0
M2VRequantiser,0,0
icm-exec,0,1
vcquery,0,0
osmpbf-outline,0,1
xine-remote,0,1
cxref,0,1
z88dk-copt,0,1
tgif,1,1
pvrg-jpeg,0,1
symphony,0,0
mincaverage,0,0
dasdcat,1,0
ma2asm,0,1
unmo3,0,0
jpilot,0,1
xpenguins,1,1
stydoc,0,0
roarinterconnect,0,0
wmf,0,1
auconvert,0,0
ps2raster,0,0
autogrid4,0,0
getdefs,0,0
ptm_img,0,0
mathmlsvg,1,1
sockstat,0,0
pmake,0,0
vbim,0,0
svm-scale,0,0
oggThumb,0,0
argus_linux,0,1
setkey,0,0
gbgoffice,0,0
tttview,0,0
agedu,0,1
fapg,0,0
mb-applet-wireless,0,0
fusefat,0,0
xjdrad,0,1
ftp-proxy,1,1
esniper,0,1
xfte,0,0
ksplice-inspect,0,1
get_comment,0,0
cdde,0,0
mail.mailutils,0,0
nodau,0,1
razip,0,1
pcbnew,0,0
reformime,0,1
whitedune,0,1
make-microsoft-freecell-board,0,0
xrootconsole,0,0
bwa,0,1
dvbstream,0,1
bcpp,0,0
populations,0,0
realpath,0,0
hald-addon-hid-ups,0,0
qshutdown,0,0
arpspoof,0,0
mlterm-zoom,0,0
netrek-client-cow,0,0
getpix,0,0
wam2ma,1,0
gmk_sym,0,1
dcraw_emu,0,0
cntraining,0,1
wmpinboard,0,1
xsil2graphics,0,0
rec2csv,0,1
upnpd,0,0
gif2swf,0,0
bitmap2component,0,0
wmix,0,0
macro7,1,0
ANTSUseDeformationFieldToGetAffineTransform,0,0
mkudffs,1,1
rat,0,0
mpop,0,0
tcucodec,0,0
mkzonedb,0,0
dndpre,0,0
8a,0,1
dssi_osc_update,0,0
isofilter0,0,0
unget,0,1
gpiv_scale,0,0
polygraph-pgl-test,0,1
xcasumtst,0,0
x86dis,0,0
efix,0,1
mgen,0,0
funimage,0,0
sg_unmap,0,0
milkyplay,0,1
fld,0,0
tracer,0,0
efetch,0,0
dctable,0,1
rgb2pat,0,0
immsd,0,0
leonconv,0,1
alistat,0,0
davolserver,0,1
uucpsend,1,0
bgl2txt,0,0
rumor,0,0
modplug123,0,0
canlisp,0,0
minimum-weight,0,0
tudu,0,0
splitkeys,0,1
netmaze,0,0
quantlib-benchmark,0,0
gif2h5,0,1
tua,0,0
ttftotype42,1,1
mincdump,0,0
qtinfo,0,0
tslminfo,0,1
nad2nad,0,0
jack_netsource,0,0
ldns-zcat,0,0
t1rawafm,0,1
dacs_acs,0,0
dccleancrw,0,1
abcmatch,0,1
obminimize,0,0
etracer,0,0
freehdl-v2cc,0,0
immstool,0,0
ambdec,0,0
recfmt,0,1
faust,0,1
probalign,0,0
volserver,0,1
anytoucd,0,0
ccal,0,0
c-icap-stretch,0,0
zzdir,0,0
ytasm,0,1
fax2tiff,0,0
jack.scope,0,1
bam,0,0
eblook,0,0
gif2ps,0,0
bbstoreaccounts,0,1
mkgeo_grid_2d,0,0
wmpomme,0,0
cfdpadmin,0,0
setupnash2,1,0
multitee,0,0
mdump,0,1
lcrack,0,0
pgn2web,0,0
cmafihe,0,0
apoconv,0,0
dotur,0,1
Perseus,0,1
polygraph-pgl2eng,0,1
sredird,1,0
hatari-winuae,0,1
ario,0,0
quakestat,0,1
gcov-4.6,0,1
xenbaked,0,0
unadf,0,0
ratfor,0,0
tp,0,0
acsadmin,0,0
lmove,0,1
dpromdic,0,0
hebcal,0,1
dia-normal,0,0
cjrndper,0,0
nrss,0,1
csdp-theta,1,1
analyzer,0,0
audtty,0,1
kball,0,0
spim,0,0
garmin_gpx,0,0
perl5i,0,0
garmin_gchart,0,0
maxcut,0,1
regconvert,0,0
h5diff,0,1
gpstrip,0,1
achilles,0,0
dawgdic-find,0,0
pktsetup,0,0
gdlpp,1,1
xbindkeys,0,0
ccs_tool,0,0
a56,0,0
fst-compare,0,1
stypp,0,0
mpgtx,0,0
otr_sesskeys,0,1
compgrp,1,0
kuesvr,0,0
tessa,0,1
revnetgroup,0,1
nfswatch,0,0
cronolog,0,0
FastaUnique,1,0
symlinks,1,1
wuzzah,0,0
plugctl,0,0
vtkWrapPython,0,0
qingy-DirectFB,0,0
xa,1,0
lqt_transcode,0,0
isqlw-vt,0,1
sak,0,1
tslmendian,0,0
csdp-complement,0,0
xteddy,0,0
ym2wav,1,1
xjdic_sa,1,0
rawtmp,0,0
usepackage,0,0
spell,0,0
pngchunks,0,0
dpxdic,0,0
h5tovtk,0,0
hnb,0,1
garmin_dump,0,0
intel_bios_reader,0,1
coldfire,0,1
ebfont,0,0
c-icap-mkbdb,0,0
dndpre2,0,0
idjcsourceclient,0,0
fdtget,0,0
tab2dat,0,0
roardtmf,0,0
phyml,0,1
disttbfast,0,0
PerseusD,0,0
grephistory,0,0
tcyait,0,0
commit_agent,0,0
webspy,0,0
fastx_clipper,0,0
tetraview,0,0
awardeco,0,0
spacezero,0,0
cacaserver,0,0
pitchmark,0,0
ctdb_bench,0,0
j2k_to_image,0,1
plpfuse,0,0
dckey,0,1
g3tolj,0,1
dasdpdsu,0,0
pdfiotest,0,1
mod2sng,0,1
vbind,1,0
recins,0,1
vilistextum,0,0
httppower,0,1
probcons,0,1
notQttest,0,0
htntlm,0,0
m2ts2ts,0,0
grib_parser,1,0
fyre,0,0
vtkWrapTcl,0,0
pmidi,0,1
amulecmd,0,1
instant,0,0
gcb,0,0
cairo-perf-trace,0,1
earthtrack,0,0
hersheydemo,0,0
gmrun,0,1
pim_test,0,0
abcmidi-yaps,0,1
makebin,0,0
kraptor,0,0
psorder,0,0
sary,0,0
a2crd,0,0
hobbitd_client,0,1
a68g,0,1
f2cl,0,0
rats,0,0
febootstrap-supermin-helper,0,0
ogmcat,0,1
backgammon,0,0
tvtime,0,1
2xml,0,1
dvbcut,0,0
checkmodule,0,0
avr-evtd,0,0
ncflint,0,0
photoprint,0,1
mdb-array,0,0
mmpfb,1,1
md5,0,1
petitboot-twin,0,1
wmnut,0,1
sieved,0,0
gitwhich,0,0
dotter,0,1
mb-applet-launcher,0,0
mergebad,0,0
png2html,0,1
grabc,0,0
gsl-histogram,0,0
hunzip,0,0
rdx,0,1
cfservd,0,1
tslmpack,0,0
vbsmooth,0,0
vfind,0,0
ldns-keyfetcher,0,0
recsel,0,1
lookbib,0,1
mtinkc,0,0
ml_count,0,1
applycal,0,0
esekeyd,1,1
zzcat,0,0
gpiv_rr,0,0
nfsidmap,0,0
mpif77.lam,0,0
midi2abc,0,1
audiotool,0,0
deepgrep,0,0
pbesrewr,0,0
ample,0,0
hxunpipe,0,1
matc,1,1
teachgammon,0,0
morseOSS,0,0
pfb2t1c,0,0
oogl2vrml2,1,0
mksource,1,1
openmx,0,0
jvocuhadju,0,0
setstab,0,1
asmail,0,0
shield-purge,0,0
cba,0,0
xpilot-ng-xp-mapedit,0,0
ali2gff,0,0
tab2cin,0,1
alex4,0,0
oligotm,0,0
cmatrix,0,0
csdp-graphtoprob,0,0
x_edit,0,1
xjdic_cl,1,1
hxcite,0,0
xjobs,0,0
otf2bdf,0,0
trcsort,0,0
liblinear-predict,0,0
fetchaddr,0,1
sdif2ad,0,1
omniMapper,0,0
xentrace_setsize,0,0
g_anadock,0,0
rblcheck,0,1
vlserver,0,0
reloc65,0,0
cfsndserv,1,1
cmph,0,1
na_play,0,0
bcftools,0,1
dialign-tx,0,0
ldns-update,0,0
findglare,0,0
make-gnome-freecell-board,0,0
sig2fv,0,0
urlize,0,0
makeint,0,0
lcrack_regex,0,1
htadd,1,0
sf2text,0,1
ctndisp,0,0
ballz,0,0
xjdserver,0,1
simple_dcraw,0,0
fest2dict,0,1
tocprint,0,0
morseX11,0,0
font2swf,0,0
ncbo,0,0
pforth,1,1
ekglogs,0,0
fst-lattice,0,1
mp,0,1
aj-snapshot,0,0
xtokid,1,0
mailfilter,0,0
archive_server,0,0
grfid,0,0
lv2info,0,0
bochs-bin,0,1
redis-check-dump,0,1
ncecat,0,0
httest,0,0
vct,0,0
cfsndserv_alsa9,1,1
oneko,0,0
roarclientpass,0,0
cryptest,0,1
skyeye,0,0
infotext,0,1
freesci,0,1
lim_test,0,0
mmpongd,0,0
biniax2,0,1
ttt,0,0
floppyd_installtest,0,0
slmon,0,0
chrpath,0,0
msp430-run,0,1
glrad,1,0
mswatch,0,0
checkpolicy,0,0
diodload,0,1
g_sigeps,0,0
wmppp,0,1
cfftot1,1,1
isnsc,0,0
ec50,0,0
debugfs.ocfs2,0,0
buffer_test,0,0
fcrackzipinfo,0,0
ntdpal,0,0
ANTSIntegrateVectorField,0,0
cvm-unix,0,0
gpiv_errvec,0,0
makejvf,0,0
drr,0,0
detcasman,0,1
pbyacc,0,1
jack_test,0,0
pcmanx,0,0
xfishtank,0,0
phytime,0,0
rifftree,0,0
epa-tr-stat,0,1
ripole,0,0
mdiff,0,1
mpic++.lam,0,0
bamg,0,0
cnee,0,0
mirror-flip,0,0
ogdi_import,0,0
recover_glhack,0,0
sordi,0,0
oogl2vrml,0,0
vgrep,1,0
xlassie,0,0
qwo,0,0
gifbg,0,0
dvtditr,0,0
fteqcc,0,1
monop,0,0
mpicc.lam,0,0
asfxload,1,1
ratop,0,1
vdltodmx,0,0
ionadmin,0,0
check_by_ssh,0,0
dvipost,0,1
ip_user_check,0,0
mailsound,0,0
viewfax,0,0
slmbuild,0,1
aedesk,0,0
x-smile_delta,0,0
dsdp5,0,1
readpdb,0,0
giffiltr,0,0
ANTSUseLandmarkImagesToGetAffineTransform,0,0
chcp,0,0
pbesconstelm,0,0
irpsion5,0,0
voikkovfstc,0,0
sfte,0,0
tinyscheme,0,0
frm.mailutils,0,0
ascdc,1,0
tabix,0,1
grib_list_keys,1,0
oeprop,0,1
rbkconfig_compiler4,0,0
testhost,0,0
image_to_j2k,0,1
vbfit,0,0
falrun,0,0
db5.1_printlog,0,0
view2d,0,0
linphonec,0,1
robot-playerjoy,0,1
atitv,0,0
xcowsay,0,1
wmnd,0,1
aecat,0,1
cjet,0,0
error_test,0,0
indi_setprop,0,0
fenix-fxc,1,1
sidcon,0,1
gpsk31,0,0
bb-replog.cgi,0,1
gbsinfo,0,1
rafkill,0,0
readgamess,0,1
swab,0,0
gosmore,1,1
kpengine,0,0
iksroster,0,1
fitshdr,0,0
evilvte,0,0
sfmtcvt,0,0
xapian-chert-update,0,0
emms-print-metadata,0,0
minisat,0,1
rafind2,0,0
adplay,0,0
extract_fastq,1,1
jpilot-sync,0,0
glarendx,0,0
nccgen,0,1
dump-acct,0,0
ucspi-proxy-http-xlate,0,0
hime-tsd2a32,0,0
search++,0,1
bmore,0,1
fst-infl,0,1
maq2sam-long,0,0
garmin_gmap,0,0
dvbtune,0,1
grib_ls,0,1
indi_getprop,0,1
fastx_quality_stats,0,1
pnscan,0,0
mincconvert,0,0
aribas,1,0
netmux,0,1
ts_packet_insert,0,0
view2D,0,0
clips,0,0
xview_msgfmt,0,0
sman,0,1
RNAcalibrate,0,0
ksplice-objmanip,0,1
tzap,0,1
e-PCR,0,0
darts,0,0
hime-phod2a,0,0
xjinfo,0,0
ledger,0,1
dump-utmp,0,1
trisetcmp,0,0
spuunmux,0,0
bppml,0,0
extract_seq,1,0
xrdp-chansrv,0,0
ldo65,0,1
opencc_dict,0,0
asimut,0,0
aliki,0,0
xentrace_setmask,0,0
check_mrtgtraf,0,0
gopher,0,1
binhex,1,1
perm3,0,0
t1dotlessj,1,1
minccopy,0,0
muroard,0,0
rt-migrate-test,0,1
jack_midi_latency_test,0,0
bi2cf,0,0
gplink,0,1
testlp1,0,0
jackeq,0,1
gri-2.12.23,1,1
sor,0,0
dasdisup,0,0
isofilter,0,0
check_game,0,0
hmakeindex,1,1
freecell-solver-range-parallel-solve,0,0
ofxconnect,0,0
httpfs2,0,0
makepat,0,0
dfu-util,0,0
4channels,0,0
a56-keybld,0,0
gdef,0,1
morseALSA,0,0
srtm2sdf,0,0
hatari,0,0
billard-gl,0,1
ra-retrieve,1,0
mpt-status,0,0
m2e,0,0
bsqlodbc,0,0
mka2bkvf,0,0
vde_autolink,0,1
fb_lock_print,0,0
gtags,0,1
tetradraw,0,0
swfrender,0,0
mincconcat,0,0
vbmunge,0,0
mpegcat,0,0
tdl,0,1
liquidwar-mapgen,0,0
fastdep,0,0
xasumsrch,0,1
gpvo,0,1
pvfmix,0,1
azap,0,1
sbrsh,1,1
h5copy,0,1
i2e2dict,0,0
idxmerge,0,1
SC2Elmer,0,0
amap,0,0
e2ps,0,1
ldns-notify,0,0
unprocessed_raw,0,0
html2text,0,0
cfte,0,1
ccxxmake,0,0
sortmail,0,1
gifasm,0,0
bufrscan,0,1
z88dk-zcpp,0,1
writetmp,0,0
psiclean,0,1
nccopy,0,0
sshmitm,0,0
probcons-RNA,0,1
sreformat,0,1
db4.8_printlog,0,1
tvtime-scanner,0,1
quantlib-test-suite,0,0
ebinfo,0,0
ftpcopy,0,0
php_count,0,1
xmotd,0,1
h5import,1,1
bincat,0,1
mytool,0,1
stats,0,1
open_jtalk,0,1
tack,0,0
filext,0,1
nup,0,0
lpe,0,1
aajm,0,1
gobby-0.4,0,0
crm,0,1
tint2,0,0
bedup,0,1
kwin_opengl_test,0,0
webmitm,0,0
testlp1_gmp,0,0
md5test,1,0
rpost,0,1
shntool,0,1
ncap2,0,1
formed,0,1
gift-write-feature-descs,0,1
auto-apt-pkgcdb,0,1
attr,0,1
ipe5toxml,0,1
vadm,1,0
ubiupdatevol,0,1
gtk-theme-switch2,0,1
nagircbot,0,1
xjdxgen,0,1
as10k1,0,1
garlic,0,1
isofilter2,0,0
partimaged,0,1
wmwave,0,0
x-smile,0,0
libtest,0,0
avr-run,0,1
smujajgau,0,1
dav,0,0
hts_engine,0,1
queue-pr,0,0
svm-predict,0,0
xmj,0,1
e-smile_against,0,1
gifclrmp,0,0
abc2abc,0,1
icctrans,0,0
Xvnc4,0,1
bpadmin,0,0
gpx2shp,0,1
atanks,0,1
slmthread,0,1
jbofihe,1,0
build-fixed,0,0
ctdb_traverse,0,0
bsqldb,0,0
byteswap_test,0,0
cvsps,0,1
png2swf,0,1
HomogeneousHistogramsAverage,0,0
rxqueue,0,1
amoebax,0,0
atp,1,1
escputil,0,1
jumpnbump,0,1
txt2ti3,0,0
gbx3,0,1
xview_xgettext,1,1
bppconsense,0,0
wmitime,0,0
file65,0,0
xcasum,0,0
hime-ts-edit,0,1
concalc,0,1
math2oogl,0,1
mstvpd,0,0
faad,0,1
bpcp,0,1
sip-options,0,0
rlprd,0,1
hobbit-statusreport.cgi,0,1
hexbin,1,1
gpiv_t-avg-img,0,0
freefem,0,1
retrv,1,0
kicad,0,0
fakemail,0,1
xtermset,0,1
vfte,0,0
a+,0,1
dlg,0,1
hyphen_show,0,1
dvdauthor,0,1
goattracker,0,0
ccontrol,0,0
mkfs.ocfs2,0,1
dat2s,0,1
g15macro,0,1
m68hc11-gcov,0,1
rolldice,0,0
cyclist,0,1
rtlbrowse,0,0
pcapreport,0,0
apertium-lextor,0,0
runThePEG,0,0
wmrack,0,1
mtink,0,0
trophy,0,1
cdrwtool,1,1
ies2rad,0,0
lv2file,0,0
gpiv_s-avg,0,0
addr_test,0,0
xl2tpd-control,0,0
dssi_osc_send,0,0
clif,1,1
wgrib,0,1
string2key,0,0
db4.8_upgrade,0,1
getclose,0,1
convert_trace,0,1
ldns-dpa,0,0
xcaxpby,1,0
qtdump,0,0
iat,0,1
ftpls,0,0
t_coffee,0,1
funjoin,0,0
ping_pong,0,1
maq,0,1
mkgeo_grid_1d,0,0
gozilla,0,1
czap,0,1
juman,0,0
ibam,0,0
oggenc,0,1
shape,1,1
pngcrush,0,0
gribscan,0,1
curves,0,1
fdtput,0,1
cgcreate,0,1
heroeslvl,0,1
make-aisleriot-freecell-board,0,0
setupnash,1,1
lcd-yesno,0,1
dncopynodes,0,0
cssmerge,0,0
oggJoin,0,1
ptserver,0,1
datacopy,0,1
root-tail,0,1
bppancestor,0,0
qt2text,0,0
rahash2,0,1
muroarstream,0,0
robot-pmaptest,0,1
xcaxpbytst,0,1
icewm-menu-gnome2,0,0
gsch2pcb,0,0
icinga,0,1
gpesyncd,1,0
cphead,0,1
mkbkv2hjvf,0,0
jffs2reader,0,1
rakconvert,0,1
qtdechunk,0,0
kmk_ash,0,1
gman,0,1
extract_qual,1,0
faum-mergecow,0,1
cckddiag,0,0
umount.aufs,0,1
apparmor_parser,0,1
regdbdump,0,0
convert_test,0,0
